UniqueID,Name,TwitterHandle,JoinedOn,YearJoined,CreatedAfterSession,YrAfterTwitter
ScA-IL18,"Schock, Aaron",aaronschock,3/1/2009,2009,,
FiA-IA01,"Finkenauer, Abby",Abby4Iowa,3/1/2015,2015,,
PuA-FL12,"Putnam, Adam H.",adamputnam,6/1/2009,2009,,
LaJ-LA03,"Landry, Jeffrey M.",AGJeffLandry,11/1/2010,2010,,
GrA-FL09,"Grayson, Alan",AlanGrayson,5/1/2009,2009,,
NuA-MS01,"Nunnelee, Alan",AlanNunnelee,4/1/2009,2009,,
HaA-FL20,"Hastings, Alcee L.",AlceeHastingsFL,11/1/2013,2013,,
LaA-FL05,"Lawson, Al, Jr.",AlLawsonJr,11/1/2009,2009,,
WeA-FL22,"West, Allen B.",AllenWest,1/1/2011,2011,,
ScA-PA13,"Schwartz, Allyson Y.",allysonschwartz,4/1/2013,2013,,
CrA-FL04,"Crenshaw, Ander",AnderCrenshaw,2/1/2009,2009,,
LoB-MO07,"Long, Billy",auctnr1,2/1/2009,2009,,
CoM-CO06,"Coffman, Mike",AuroraMayorMike,7/1/2019,2019,,
ScA-GA08,"Scott, Austin",AustinScottGA08,1/1/2011,2011,,
AxC-IA03,"Axne, Cynthia",Axne4Congress,5/1/2017,2017,,
CoB-VA10,"Comstock, Barbara",BarbaraComstock,5/1/2009,2009,,
FrB-MA04,"Frank, Barney",BarneyFrank,7/1/2013,2013,,
HiB-IN09,"Hill, Baron P.",BaronHill2016,2/1/2010,2010,,
McB-UT04,"McAdams, Ben",BenMcAdams,6/1/2009,2009,,
ThB-MS02,"Thompson, Bennie G.",BennieGThompson,1/1/2009,2009,,
O'B-TX16,"O'Rourke, Beto",BetoORourke,7/1/2011,2011,,
MaB-CO04,"Markey, Betsy",BetsyMarkey,6/1/2009,2009,,
McB-MN04,"McCollum, Betty",BettyMcCollum04,1/1/2012,2012,,
BiB-CA50,"Bilbray, Brian P.",BilbrayCA50,7/1/2009,2009,,
CaB-LA06,"Cassidy, Bill",BillCassidy,7/1/2009,2009,,
PaB-NJ09,"Pascrell, Bill, Jr.",BillPascrell,1/1/2009,2009,,
JiB-LA01,"Jindal, Bobby",BobbyJindal,10/1/2008,2008,,
RuB-IL01,"Rush, Bobby L.",BobbyLRush,5/1/2011,2011,,
ScR-VA03,"Scott, Robert C. ""Bobby""",BobbyScott,1/1/2010,2010,,
FiB-CA51,"Filner, Bob",bobfilner,9/1/2009,2009,,
InB-SC04,"Inglis, Bob",bobinglis,10/1/2008,2008,,
LaR-OH05,"Latta, Robert E.",boblatta,1/1/2008,2008,,
EtB-NC02,"Etheridge, Bob",bobretheridge,11/1/2010,2010,,
BoN-KS02,"Boyda, Nancy E.",BoydaNancy,5/1/2019,2019,,
ShB-CA32,"Sherman, Brad",BradSherman,1/1/2009,2009,,
BrK-TX08,"Brady, Kevin",bradyfortexas,5/1/2012,2012,,
LaB-MI14,"Lawrence, Brenda L.",BrendaLLawrence,7/1/2009,2009,,
PoB-ME02,"Poliquin, Bruce",BrucePoliquin,4/1/2009,2009,,
OtC-ID01,"Otter, C. L. (Butch)",ButchOtter,4/1/2009,2009,,
RuC-MD02,"Ruppersberger, C. A. Dutch",Call_Me_Dutch,1/1/2011,2011,,
MiC-MI10,"Miller, Candice S.",CandiceMiller,6/1/2008,2008,,
CuC-FL26,"Curbelo, Carlos",carloslcurbelo,10/1/2014,2014,,
BoC-GA07,"Bourdeaux, Carolyn",Carolyn4GA7,6/1/2017,2017,,
McC-WA05,"McMorris Rodgers, Cathy",cathymcmorris,1/1/2008,2008,,
EdC-TX17,"Edwards, Chet",CEdwardsTX,11/1/2016,2016,,
HaR-NC08,"Hayes, Robin",ChairmanHayes,1/1/2011,2011,,
CrC-FL13,"Crist, Charlie",CharlieCrist,5/1/2009,2009,,
PiC-ME01,"Pingree, Chellie",chelliepingree,6/1/2008,2008,,
CaC-UT03,"Cannon, Chris",chriscanno,1/1/2009,2009,,
ChC-IN02,"Chocola, Chris",ChrisChocola,7/1/2012,2012,,
MuC-CT05,"Murphy, Christopher",ChrisMurphyCT,5/1/2010,2010,,
VaC-MD08,"Van Hollen, Chris",ChrisVanHollen,12/1/2008,2008,,
GaJ-IL04,"Garcia, Jesus G. ""Chuy""",ChuyChicago,10/1/2014,2014,,
RoC-TX23,"Rodriguez, Ciro D.",CiroDRodriguez,6/1/2010,2010,,
PeC-MN07,"Peterson, Collin C.",collinpeterson,2/1/2010,2010,,
CoK-TX11,"Conaway, K. Michael",ConawayTX11,5/1/2011,2011,,
PoB-FL08,"Posey, Bill",congbillposey,3/1/2009,2009,,
BoB-PA02,"Boyle, Brendan F.",CongBoyle,11/1/2015,2015,,
HuT-KS01,"Huelskamp, Tim",CongHuelskamp,1/1/2011,2011,,
SiM-ID02,"Simpson, Michael K.",CongMikeSimpson,9/1/2009,2009,,
PaS-MS04,"Palazzo, Steven M.",CongPalazzo,5/1/2011,2011,,
MeL-IN06,"Messer, Luke",Congress_LukeM,4/1/2013,2013,,
VaJ-NJ02,"Van Drew, Jefferson",Congressman_JVD,12/1/2011,2011,,
BeD-MI01,"Benishek, Dan",CongressmanDan,1/1/2011,2011,,
ThG-PA15,"Thompson, Glenn",CongressmanGT,1/1/2009,2009,,
HiJ-GA10,"Hice, Jody B.",CongressmanHice,1/1/2015,2015,,
KrR-IL08,"Krishnamoorthi, Raja",CongressmanRaja,1/1/2016,2016,,
ChS-FL20,"Cherfilus-McCormick, Sheila",CongresswomanSC,1/1/2022,2022,,
MaC-FL14,"Mack, Connie",ConnieMackIV,3/1/2009,2009,,
LaC-PA17,"Lamb, Conor",ConorLambPA,4/1/2017,2017,,
CoJ-TN05,"Cooper, Jim",CoopForCongress,6/1/2012,2012,,
ShC-CT04,"Shays, Christopher",CShays,5/1/2008,2008,,
McC-GA04,"McKinney, Cynthia A.",cynthiamckinney,1/1/2009,2009,,
BuD-IN05,"Burton, Dan",danburton,7/1/2008,2008,,
BrD-VA07,"Brat, Dave",DaveBratVA7th,1/1/2014,2014,,
LoD-IA02,"Loebsack, David",daveloebsack,3/1/2012,2012,,
CiD-RI01,"Cicilline, David N.",davidcicilline,3/1/2009,2009,,
RoD-NC02,"Ross, Deborah K.",DeborahRossNC,10/1/2015,2015,,
ChD-VI00,"Christensen, Donna M.",DelegateDonna,3/1/2011,2011,,
RaD-IL03,"Ramirez, Delia C.",DeliaRamirezIL,11/1/2021,2021,,
RoD-FL15,"Ross, Dennis A.",DennisRossSEU,4/1/2009,2009,,
HeD-WA10,"Heck, Denny",DennyHeck,8/1/2009,2009,,
DeS-TN04,"DesJarlais, Scott",DesJarlaisTN04,1/1/2011,2011,,
HaD-WA04,"Hastings, Doc",DocHastings,10/1/2011,2011,,
NoD-NJ01,"Norcross, Donald",DonaldNorcross,3/1/2015,2015,,
CaD-LA06,"Cazayoux, Donald J., Jr.",DonCazayoux,8/1/2013,2013,,
EdD-MD04,"Edwards, Donna F.",DonnaFEdwards,8/1/2012,2012,,
ShD-FL27,"Shalala, Donna E.",DonnaShalala,5/1/2016,2016,,
MaD-CA07,"Matsui, Doris O.",DorisMatsui,5/1/2009,2009,,
WeD-FL15,"Weldon, Dave",DrDaveWeldon,5/1/2012,2012,,
DuN-FL02,"Dunn, Neal P.",DrNealDunnFL2,1/1/2017,2017,,
GiP-GA11,"Gingrey, Phil",DrPhilGingrey,4/1/2009,2009,,
RoD-TN01,"Roe, David P.",DrPhilRoe,6/1/2009,2009,,
RoE-CA39,"Royce, Edward R.",EdRRoyce,8/1/2010,2010,,
NoE-DC00,"Norton, Eleanor Holmes",EleanorNorton,3/1/2009,2009,,
EsE-CT05,"Esty, Elizabeth H.",ElizabethCrypt7,4/1/2021,2021,,
EnW-IL12,"Enyart, William L.",EnyartforIL12,6/1/2012,2012,,
CaE-VA07,"Cantor, Eric",EricCantor,1/1/2009,2009,,
PaE-MN03,"Paulsen, Erik",ErikPaulsen,11/1/2008,2008,,
JeE-WV03,"Jenkins, Evan H.",EvanJenkinsWV,7/1/2013,2013,,
FaB-TX27,"Farenthold, Blake",farenthold,12/1/2008,2008,,
WoF-VA10,"Wolf, Frank R.",fmrRepWolf,1/1/2011,2011,,
VaG-NM02,"Vasquez, Gabe",Gabe_NM,10/1/2013,2013,,
TaG-MS04,"Taylor, Gene",GeneTaylor4MS,3/1/2014,2014,,
CoG-VA11,"Connolly, Gerald E.",GerryConnolly,9/1/2009,2009,,
GuG-MN01,"Gutknecht, Gil",gilgman,10/1/2014,2014,,
BrG-FL05,"Brown-Waite, Ginny",GinnyBrownWaite,1/1/2010,2010,,
BuG-NC01,"Butterfield, G. K.",GKButterfield,12/1/2011,2011,,
NyG-VA02,"Nye, Glenn C.",GlennNye,8/1/2008,2008,,
GiG-MT00,"Gianforte, Greg",GovGianforte,12/1/2020,2020,,
InJ-WA01,"Inslee, Jay",GovInslee,1/1/2013,2013,,
ReG-PA14,"Reschenthaler, Guy",GReschenthaler,1/1/2015,2015,,
SaM-GU00,"San Nicolas, Michael F. Q.",GuamCongressman,8/1/2011,2011,,
GrG-FL02,"Graham, Gwen",GwenGraham,3/1/2013,2013,,
ClH-MI13,"Clarke, Hansen",HansenClarke,5/1/2010,2010,,
FoH-TN09,"Ford, Harold E., Jr.",HaroldFordJr,7/1/2009,2009,,
HaG-MS03,"Harper, Gregg",HarperCampaign,10/1/2009,2009,,
ShH-NC11,"Shuler, Heath",HeathShuler5,7/1/2017,2017,,
HeJ-WA03,"Herrera Beutler, Jaime",HerreraBeutler,1/1/2011,2011,,
CoH-NC06,"Coble, Howard",HowardCoble,6/1/2011,2011,,
SkI-MO04,"Skelton, Ike",IkeSkelton,1/1/2010,2010,,
OmI-MN05,"Omar, Ilhan",Ilhan,1/1/2019,2019,,
WaZ-TN03,"Wamp, Zach",IOWamp,4/1/2017,2017,,
KiJ-GA01,"Kingston, Jack",JackKingston,4/1/2009,2009,,
JaS-TX18,"Jackson Lee, Sheila",JacksonLeeTX18,1/1/2009,2009,,
HiJ-CT04,"Himes, James A.",jahimes,4/1/2009,2009,,
HaJ-CA36,"Harman, Jane",JaneHarmanCA,8/1/2022,2022,,
HaJ-CA44,"Hahn, Janice",JaniceHahn,2/1/2009,2009,,
ChJ-UT03,"Chaffetz, Jason",jasoninthehouse,12/1/2008,2008,,
ObJ-CA23,"Obernolte, Jay",JayObernolte,1/1/2011,2011,,
FoJ-NE01,"Fortenberry, Jeff",JeffFortenberry,1/1/2009,2009,,
KiJ-VA02,"Kiggans, Jennifer A",JenKiggans,4/1/2019,2019,,
MoJ-KS01,"Moran, Jerry",JerryMoran,1/1/2009,2009,,
WeJ-IL11,"Weller, Jerry",JerryWeller1,12/1/2013,2013,,
JoJ-OH04,"Jordan, Jim",Jim_Jordan,1/1/2008,2008,,
MoJ-VA08,"Moran, James P.",Jim_Moran,6/1/2009,2009,,
LaJ-RI02,"Langevin, James R.",JimLangevin,1/1/2009,2009,,
NuJ-IA01,"Nussle, Jim",JimNussle,2/1/2009,2009,,
ObJ-MN08,"Oberstar, James L.",JimOberstar,2/9/2009,2009,,
RyJ-KS02,"Ryun, Jim",jimryun,12/1/2009,2009,,
MoJ-GU00,"Moylan, James C.",JMoylanforGuam,12/1/2022,2022,,
CaJ-TX20,"Castro, Joaquin",JoaquinCastrotx,1/1/2010,2010,,
GaJ-FL26,"Garcia, Joe",JoeGarcia,12/1/2007,2007,,
KeJ-MA04,"Kennedy, Joseph P., III",joekennedy,1/1/2013,2013,,
PiJ-PA16,"Pitts, Joseph R.",JoePitts4PA,2/1/2010,2010,,
BaJ-GA12,"Barrow, John",JohnBarrowMC,4/1/2020,2020,,
BoJ-AR03,"Boozman, John",JohnBoozman,4/1/2007,2007,,
CaJ-DE00,"Carney, John C., Jr.",JohnCarneyDE,1/1/2011,2011,,
CuJ-TX07,"Culberson, John Abney",johnculberson,5/1/2008,2008,,
DeJ-MD06,"Delaney, John K.",JohnDelaney,12/1/2011,2011,,
DiJ-MI12,"Dingell, John D.",JohnDingell,1/1/2010,2010,,
JaJ-MI10,"James, John",JohnJamesMI,5/1/2017,2017,,
RaJ-TX04,"Ratcliffe, John",JohnRatcliffe,10/1/2014,2014,,
YaJ-KY03,"Yarmuth, John A.",JohnYarmuth,10/1/2011,2011,,
CaJ-TX31,"Carter, John R.",JudgeCarter,12/1/2008,2008,,
PoT-TX02,"Poe, Ted",JudgeTedPoe,9/1/2009,2009,,
BiJ-IL13,"Biggert, Judy",JudyBiggert,2/1/2009,2009,,
AmJ-MI03,"Amash, Justin",justinamash,1/1/2011,2011,,
MaK-NC06,"Manning, Kathy E.",KathyManningNC,12/1/2017,2017,,
ElK-MN05,"Ellison, Keith",keithellison,3/1/2008,2008,,
RoK-PA12,"Rothfus, Keith J.",KeithRothfus,2/1/2013,2013,,
KeR-FL08,"Keller, Ric",keller_ric,2/1/2019,2019,,
CaK-CA41,"Calvert, Ken",KenCalvert,1/1/2009,2009,,
MeK-FL17,"Meek, Kendrick B.",KendrickMeek,3/1/2009,2009,,
BeK-MI11,"Bentivolio, Kerry L.",KerryB4Congress,7/1/2012,2012,,
YoK-KS03,"Yoder, Kevin",kevinyoder,2/1/2011,2011,,
SaG-MP00,"Sablan, Gregorio Kilili Camacho",Kilili_Sablan,11/1/2017,2017,,
NoK-SD00,"Noem, Kristi L.",KristiNoem,2/1/2010,2010,,
HaK-GA05,"Hall, Kwanza",kwanzahall,9/1/2007,2007,,
ClW-MO01,"Clay, Wm. Lacy",LacyClayMO1,5/1/2012,2012,,
SmL-TX21,"Smith, Lamar",LamarSmithTX21,8/1/2008,2008,,
GoL-TX05,"Gooden, Lance",Lancegooden,8/1/2018,2018,,
TeL-NE02,"Terry, Lee",LEETERRYNE,12/1/2008,2008,,
BoL-IA03,"Boswell, Leonard L.",LeonardBoswell,2/1/2009,2009,,
LeJ-MN02,"Lewis, Jason",LewisForMN,9/1/2009,2009,,
DiL-FL21,"Diaz-Balart, Lincoln",LincolnDBalart,8/1/2012,2012,,
LiJ-GA07,"Linder, John",linderje,12/1/2013,2013,,
ChL-WY00,"Cheney, Liz",Liz_Cheney,12/1/2009,2009,,
SaL-CA46,"Sanchez, Loretta",LorettaSanchez,1/1/2010,2010,,
GoL-TX01,"Gohmert, Louie",LouieGohmertTX1,1/1/2016,2016,,
FoL-PR00,"Fortuno, Luis G.",luisfortuno51,8/1/2010,2010,,
ThM-TX13,"Thornberry, Mac",MacTXPress,9/1/2011,2011,,
MaT-PA12,"Marino, Tom",MarinoPA10,9/1/2014,2014,,
DiM-FL26,"Diaz-Balart, Mario",MarioDB,1/1/2009,2009,,
MeM-NC11,"Meadows, Mark",MarkMeadows,11/1/2012,2012,,
SaM-SC01,"Sanford, Mark",MarkSanford,4/1/2009,2009,,
UdM-CO02,"Udall, Mark",MarkUdall,8/1/2007,2007,,
BlM-TN07,"Blackburn, Marsha",MarshaBlackburn,4/1/2011,2011,,
MeM-MA05,"Meehan, Martin T.",MartyMeehan,11/1/2015,2015,,
BoM-CA45,"Bono Mack, Mary",MaryBonoUSA,1/1/2009,2009,,
MiM-OH07,"Miller, Max L.",MaxMillerOH,7/1/2019,2019,,
FlM-TX34,"Flores, Mayra",MayraFlores2022,11/1/2009,2009,,
HiM-HI02,"Hirono, Mazie K.",maziehirono,11/1/2009,2009,,
MeC-LA03,"Melancon, Charlie",melancon2010,8/1/2009,2009,,
LoM-UT04,"Love, Mia B.",MiaBLove,7/1/2011,2011,,
BuM-TX26,"Burgess, Michael C.",michaelcburgess,8/1/2008,2008,,
MiM-ME02,"Michaud, Michael H.",Michaud2014,6/1/2013,2013,,
BaM-MN06,"Bachmann, Michele",MicheleBachmann,12/1/2008,2008,,
MuM-SC05,"Mulvaney, Mick",MickMulvaneyOMB,7/1/2017,2017,,
TrD-MI11,"Trott, David A.",MIDaveTrott,11/1/2014,2014,,
PeM-IN06,"Pence, Mike",Mike_Pence,2/1/2009,2009,,
BiM-MI08,"Bishop, Mike",MikeBishopMI,5/1/2009,2009,,
CaM-MA07,"Capuano, Michael E.",mikecapuano,9/1/2009,2009,,
KeM-PA16,"Kelly, Mike",MikeKellyPA,1/1/2012,2012,,
McM-NC07,"McIntyre, Mike",MikeMcIntyreNC,6/1/2009,2009,,
PoM-KS04,"Pompeo, Mike",mikepompeo,8/1/2019,2019,,
WaM-CA45,"Walters, Mimi",MimiWaltersCA,2/1/2014,2014,,
DeN-GA09,"Deal, Nathan",NathanDeal,6/1/2009,2009,,
AbN-HI01,"Abercrombie, Neil",neilabercrombie,11/1/2007,2007,,
LaN-TX22,"Lampson, Nick",nlampson,2/1/2009,2009,,
ToN-CA35,"Torres, Norma J.",NormaJTorres,1/1/2011,2011,,
BrA-MD04,"Brown, Anthony G.",OAGMaryland,1/1/2017,2017,,
McP-NC10,"McHenry, Patrick T.",PatrickMcHenry,3/1/2009,2009,,
MuP-FL18,"Murphy, Patrick",PatrickMurphyFL,3/1/2011,2011,,
BrP-GA10,"Broun, Paul C.",PaulBrounforGA,9/1/2010,2010,,
HoP-NH02,"Hodes, Paul W.",paulhodes1,4/1/2013,2013,,
PiP-PR00,"Pierluisi, Pedro R.",pedropierluisi,4/1/2009,2009,,
GaP-TX23,"Gallego, Pete P.",petegallego,8/1/2009,2009,,
RoP-IL06,"Roskam, Peter J.",PeterRoskam,2/1/2009,2009,,
WeP-VT00,"Welch, Peter",PeterWelch,5/1/2013,2013,,
SeP-TX17,"Sessions, Pete",PeteSessions,1/1/2009,2009,,
KeP-RI01,"Kennedy, Patrick J.",PJK4brainhealth,4/1/2012,2012,,
CaF-TX23,"Canseco, Francisco ""Quico""",QuicoCanseco,4/1/2014,2014,,
EmR-IL05,"Emanuel, Rahm",RahmEmanuel,10/1/2010,2010,,
HaR-TX04,"Hall, Ralph M.",RalphHallPress,2/1/2013,2013,,
FoJ-VA04,"Forbes, J. Randy",Randy_Forbes,6/1/2008,2008,,
NeR-TX19,"Neugebauer, Randy",RandyNeugebauer,4/1/2009,2009,,
LaR-ID01,"Labrador, Raul R.",Raul_Labrador,2/1/2011,2011,,
LaR-IL18,"LaHood, Ray",RayLaHood,7/1/2013,2013,,
ClA-GA09,"Clyde, Andrew S.",Rep_Clyde,2/1/2021,2021,,
JaJ-IL01,"Jackson, Jonathan L.",rep_jackson,1/1/2023,2023,,
MaS-RI02,"Magaziner, Seth",Rep_Magaziner,1/1/2023,2023,,
PeM-AK00,"Peltola, Mary Sattler",rep_peltola,9/1/2022,2022,,
SoS-FL02,"Southerland, Steve II",Rep_Southerland,1/1/2011,2011,,
WoS-AR03,"Womack, Steve",rep_stevewomack,1/1/2011,2011,,
BeA-FL04,"Bean, Aaron",RepAaronBean,1/1/2022,2022,,
AbR-LA05,"Abraham, Ralph Lee",RepAbraham,1/1/2015,2015,,
AdA-NC12,"Adams, Alma S.",RepAdams,1/1/2014,2014,,
ScA-CA30,"Schiff, Adam B.",RepAdamSchiff,4/1/2009,2009,,
SmA-WA09,"Smith, Adam",RepAdamSmith,3/1/2009,2009,,
SmA-NE03,"Smith, Adrian",RepAdrianSmith,1/1/2011,2011,,
MoA-WV02,"Mooney, Alexander X.",RepAlexMooney,1/1/2015,2015,,
GrA-TX09,"Green, Al",RepAlGreen,4/1/2010,2010,,
RaA-AS00,"Radewagen, Aumua Amata Coleman",RepAmata,2/1/2015,2015,,
CaA-IN07,"Carson, Andre",RepAndreCarson,10/1/2010,2010,,
BaA-KY06,"Barr, Andy",RepAndyBarr,1/1/2013,2013,,
BiA-AZ05,"Biggs, Andy",RepAndyBiggsAZ,1/1/2017,2017,,
HaA-MD01,"Harris, Andy",RepAndyHarrisMD,1/1/2012,2012,,
KiA-NJ03,"Kim, Andy",RepAndyKimNJ,1/1/2018,2018,,
LeA-MI09,"Levin, Andy",RepAndyLevin,1/1/2019,2019,,
CrA-MN02,"Craig, Angie",RepAngieCraig,1/1/2019,2019,,
EsA-CA16,"Eshoo, Anna G.",RepAnnaEshoo,2/1/2011,2011,,
KuA-NH02,"Kuster, Ann M.",RepAnnieKuster,1/1/2013,2013,,
WaA-MO02,"Wagner, Ann",RepAnnWagner,1/1/2012,2012,,
OcA-NY14,"Ocasio-Cortez, Alexandria",RepAOC,1/1/2018,2018,,
ArK-ND00,"Armstrong, Kelly",RepArmstrongND,1/1/2019,2019,,
ArJ-TX19,"Arrington, Jodey C.",RepArrington,1/1/2017,2017,,
HiA-IA02,"Hinson, Ashley",RepAshleyHinson,1/1/2020,2020,,
AuJ-MA04,"Auchincloss, Jake",RepAuchincloss,1/1/2020,2020,,
BaT-OH12,"Balderson, Troy",RepBalderson,9/1/2018,2018,,
LeB-CA12,"Lee, Barbara",RepBarbaraLee,2/1/2011,2011,,
BaN-CA44,"Barragan, Nanette Diaz",RepBarragan,1/1/2017,2017,,
BaJ-SC03,"Barrett, J. Gresham",RepBarrett,1/1/2009,2009,,
MoB-AL02,"Moore, Barry",RepBarryMoore,1/1/2020,2020,,
BeJ-OH03,"Beatty, Joyce",RepBeatty,3/1/2013,2013,,
BaB-VT00,"Balint, Becca",RepBeccaB,1/1/2022,2022,,
ClB-VA06,"Cline, Ben",RepBenCline,1/1/2018,2018,,
BeC-OR02,"Bentz, Cliff",RepBentz,1/1/2021,2021,,
BeA-CA06,"Bera, Ami",RepBera,11/1/2012,2012,,
VaB-TX24,"Van Duyne, Beth",RepBethVanDuyne,12/1/2020,2020,,
FoB-IL11,"Foster, Bill",RepBillFoster,1/1/2013,2013,,
JoB-OH06,"Johnson, Bill",RepBillJohnson,11/1/2010,2010,,
LuB-MO03,"Luetkemeyer, Blaine",RepBlaine,9/1/2013,2013,,
MoB-UT01,"Moore, Blake D.",RepBlakeMoore,12/1/2020,2020,,
BlE-OR03,"Blumenauer, Earl",repblumenauer,8/1/2008,2008,,
GoB-VA05,"Good, Bob",RepBobGood,1/1/2021,2021,,
BoL-CO03,"Boebert, Lauren",RepBoebert,12/1/2020,2020,,
BoS-OR01,"Bonamici, Suzanne",RepBonamici,4/1/2012,2012,,
WaB-NJ12,"Watson Coleman, Bonnie",RepBonnie,1/1/2015,2015,,
BoM-IL12,"Bost, Mike",RepBost,1/1/2015,2015,,
BoJ-NY16,"Bowman, Jamaal",RepBowman,12/1/2020,2020,,
AsB-NE02,"Ashford, Brad",RepBradAshford,1/1/2015,2015,,
BrJ-OK02,"Brecheen, Josh",RepBrecheen,12/1/2022,2022,,
BaB-TX36,"Babin, Brian",RepBrianBabin,12/1/2014,2014,,
HiB-NY26,"Higgins, Brian",RepBrianHiggins,4/1/2009,2009,,
MaB-FL21,"Mast, Brian J.",RepBrianMast,12/1/2016,2016,,
BrJ-CA26,"Brownley, Julia",RepBrownley,3/1/2013,2013,,
StB-WI01,"Steil, Bryan",RepBryanSteil,12/1/2018,2018,,
CaE-GA01,"Carter, Earl L. ""Buddy""",RepBuddyCarter,1/15/2015,2015,,
OwB-UT04,"Owens, Burgess",RepBurgessOwens,12/1/2020,2020,,
CaY-CO08,"Caraveo, Yadira",RepCaraveoMD,1/1/2023,2023,,
CaS-CA24,"Carbajal, Salud O.",RepCarbajal,1/1/2017,2017,,
CaT-CA29,"Cardenas, Tony",repcardenas,2/1/2013,2013,,
GiC-FL28,"Gimenez, Carlos A.",RepCarlos,12/1/2020,2020,,
MiC-WV01,"Miller, Carol D.",RepCarolMiller,1/1/2019,2019,,
CaM-PA08,"Cartwright, Matt",RepCartwright,8/1/2012,2012,,
CaG-TX35,"Casar, Greg",RepCasar,3/1/2022,2022,,
CaS-IL06,"Casten, Sean",RepCasten,1/1/2019,2019,,
CaM-NC11,"Cawthorn, Madison",RepCawthorn,12/1/2020,2020,,
BaC-NH02,"Bass, Charles F.",RepCharlesBass,1/1/2011,2011,,
DjC-HI01,"Djou, Charles K.",RepCharlesDjou,6/1/2010,2010,,
DeC-PA15,"Dent, Charles W.",RepCharlieDent,1/1/2011,2011,,
BuC-IL17,"Bustos, Cheri",RepCheri,1/1/2013,2013,,
RoC-TX21,"Roy, Chip",RepChipRoy,1/1/2019,2019,,
PaC-NH01,"Pappas, Chris",RepChrisPappas,1/1/2018,2018,,
StC-UT02,"Stewart, Chris",RepChrisStewart,1/1/2013,2013,,
FlC-TN03,"Fleischmann, Charles J. ""Chuck""",RepChuck,1/1/2011,2011,,
CiJ-AZ06,"Ciscomani, Juan",RepCiscomani,12/1/2022,2022,,
HiC-LA03,"Higgins, Clay",RepClayHiggins,3/1/2017,2017,,
ClE-MO05,"Cleaver, Emanuel",repcleaver,7/1/2020,2020,,
StC-FL06,"Stearns, Cliff",RepCliffStearns,2/1/2009,2009,,
ClM-TX27,"Cloud, Michael",RepCloudTX,9/1/2018,2018,,
CoS-TN09,"Cohen, Steve",RepCohen,7/1/2010,2010,,
AlC-TX32,"Allred, Colin Z.",RepColinAllred,12/1/2018,2018,,
BuC-MO01,"Bush, Cori",RepCori,6/1/2018,2018,,
CuH-TX28,"Cuellar, Henry",RepCuellar,11/1/2010,2010,,
CuE-MD07,"Cummings, Elijah E.",RepCummings,8/1/2012,2012,,
CuJ-SC01,"Cunningham, Joe",RepCunningham,1/1/2019,2019,,
ClC-FL19,"Clawson, Curt",RepCurtClawson,8/1/2014,2014,,
StD-AL05,"Strong, Dale W.",RepDaleStrong,1/1/2017,2017,,
BiD-NC08,"Bishop, Dan",RepDanBishop,9/1/2019,2019,,
CrD-TX02,"Crenshaw, Dan",RepDanCrenshaw,1/1/2019,2019,,
KiD-MI08,"Kildee, Daniel T.",RepDanKildee,12/1/2012,2012,,
DaD-IL07,"Davis, Danny K.",RepDannyDavis,8/1/2012,2012,,
IsD-CA48,"Issa, Darrell E.",repdarrellissa,8/1/2009,2009,,
SoD-FL09,"Soto, Darren",RepDarrenSoto,1/1/2017,2017,,
ScD-AZ01,"Schweikert, David",RepDavid,12/1/2010,2010,,
PrD-NC04,"Price, David E.",RepDavidEPrice,6/1/2010,2010,,
KuD-TN08,"Kustoff, David",RepDavidKustoff,1/1/2017,2017,,
RoD-NC07,"Rouzer, David",RepDavidRouzer,9/1/2012,2012,,
DaS-KS03,"Davids, Sharice",RepDavids,1/1/2019,2019,,
ScD-GA13,"Scott, David",repdavidscott,7/1/2010,2010,,
TrD-MD06,"Trone, David J.",RepDavidTrone,1/1/2019,2019,,
VaD-CA22,"Valadao, David G.",RepDavidValadao,1/1/2013,2013,,
DeM-PA04,"Dean, Madeleine",RepDean,4/1/2012,2012,,
PhD-MN03,"Phillips, Dean",RepDeanPhillips,11/1/2018,2018,,
DiD-MI06,"Dingell, Debbie",RepDebDingell,11/1/2013,2013,,
DeS-WA01,"DelBene, Suzan K.",RepDelBene,12/1/2012,2012,,
DeC-PA17,"Deluzio, Christopher R.",RepDeluzio,12/1/2022,2022,,
KiD-WA06,"Kilmer, Derek",RepDerekKilmer,1/1/2013,2013,,
DeM-CA10,"DeSaulnier, Mark",RepDeSaulnier,1/1/2015,2015,,
D'A-NY04,"D'Esposito, Anthony",RepDesposito,12/1/2022,2022,,
DeD-CO01,"DeGette, Diana",RepDianaDeGette,4/1/2009,2009,,
BlD-TN06,"Black, Diane",RepDianeBlack,2/1/2010,2010,,
TiD-NV01,"Titus, Dina",repdinatitus,3/1/2010,2010,,
LaD-CO05,"Lamborn, Doug",RepDLamborn,5/1/2012,2012,,
LeD-AZ08,"Lesko, Debbie",RepDLesko,5/1/2018,2018,,
MuD-FL26,"Mucarsel-Powell, Debbie",RepDMP,1/1/2019,2019,,
DoR-IL10,"Dold, Robert J.",RepDold,1/1/2011,2011,,
DoB-FL19,"Donalds, Byron",RepDonaldsPress,12/1/2020,2020,,
BaD-NE02,"Bacon, Don",RepDonBacon,1/1/2017,2017,,
BeD-VA08,"Beyer, Donald S., Jr.",RepDonBeyer,1/1/2015,2015,,
DaD-NC01,"Davis, Donald G.",RepDonDavis,1/1/2023,2023,,
CoD-GA09,"Collins, Doug",RepDougCollins,1/1/2013,2013,,
FeA-GA03,"Ferguson, A. Drew, IV",RepDrewFerguson,12/1/2016,2016,,
JoD-SD00,"Johnson, Dusty",RepDustyJohnson,12/1/2018,2018,,
EvD-PA03,"Evans, Dwight",RepDwightEvans,11/1/2009,2009,,
WaD-FL25,"Wasserman Schultz, Debbie",RepDWStweets,2/1/2013,2013,,
JoE-TX30,"Johnson, Eddie Bernice",RepEBJ,7/1/2010,2010,,
CaE-HI01,"Case, Ed",RepEdCase,1/1/2019,2019,,
EdC-NC11,"Edwards, Chuck",RepEdwards,12/1/2022,2022,,
WhE-KY01,"Whitfield, Ed",RepEdWhitfield,1/1/2011,2011,,
LuE-VA02,"Luria, Elaine G.",RepElaineLuria,1/1/2019,2019,,
CrE-AZ02,"Crane, Elijah",RepEliCrane,12/1/2022,2022,,
ElJ-TX06,"Ellzey, Jake",RepEllzey,3/1/2021,2021,,
BuE-MO07,"Burlison, Eric",RepEricBurlison,12/1/2022,2022,,
SoE-IL17,"Sorensen, Eric",RepEricSorensen,1/1/2023,2023,,
EsV-TX16,"Escobar, Veronica",RepEscobar,12/1/2018,2018,,
EsA-NY13,"Espaillat, Adriano",RepEspaillat,1/1/2017,2017,,
EzM-MS04,"Ezell, Mike",RepEzell,12/1/2022,2022,,
FeR-IA04,"Feenstra, Randy",RepFeenstra,1/1/2021,2021,,
VeF-TX34,"Vela, Filemon",RepFilemonVela,1/1/2013,2013,,
FiS-TN08,"Fincher, Stephen Lee",RepFincherTN08,2/1/2011,2011,,
FiB-MN01,"Finstad, Brad",repfinstad,8/1/2022,2022,,
FiM-MN07,"Fischbach, Michelle",RepFischbach,12/1/2020,2020,,
FiS-WI05,"Fitzgerald, Scott",RepFitzgerald,12/1/2012,2012,,
FlJ-LA04,"Fleming, John",RepFleming,10/1/2009,2009,,
FlL-TX07,"Fletcher, Lizzie",RepFletcher,12/1/2018,2018,,
GuF-NH01,"Guinta, Frank C.",RepFrankGuinta,1/1/2011,2011,,
FrC-FL18,"Franklin, C. Scott",RepFranklin,12/1/2020,2020,,
KeF-PA12,"Keller, Fred",RepFredKeller,6/1/2019,2019,,
UpF-MI06,"Upton, Fred",RepFredUpton,3/1/2010,2010,,
HiJ-AR02,"Hill, J. French",repfrenchhill,12/1/2014,2014,,
GaM-WI08,"Gallagher, Mike",RepGallagher,1/1/2017,2017,,
GaJ-CA08,"Garamendi, John",RepGaramendi,11/1/2009,2009,,
GrG-LA06,"Graves, Garret",RepGarretGraves,12/1/2014,2014,,
DaG-KY04,"Davis, Geoff",RepGeoffDavis,1/1/2011,2011,,
CiG-CA39,"Cisneros, Gilbert Ray, Jr.",RepGilCisneros,1/1/2019,2019,,
IvG-MD04,"Ivey, Glenn",RepGlennIvey,1/1/2023,2023,,
GoJ-ME02,"Golden, Jared F.",RepGolden,1/1/2019,2019,,
GoV-TX34,"Gonzalez, Vicente",RepGonzalez,1/1/2017,2017,,
GoB-VA06,"Goodlatte, Bob",RepGoodlatte,5/1/2009,2009,,
GoP-AZ09,"Gosar, Paul A.",RepGosar,1/1/2011,2011,,
MeG-NY06,"Meng, Grace",RepGraceMeng,12/1/2012,2012,,
LaG-OH01,"Landsman, Greg",RepGregLandsman,1/1/2023,2023,,
MuG-NC03,"Murphy, Gregory",RepGregMurphy,9/1/2019,2019,,
PeG-IN06,"Pence, Greg",RepGregPence,1/1/2019,2019,,
StG-AZ04,"Stanton, Greg",RepGregStanton,1/1/2019,2019,,
StW-FL17,"Steube, W. Gregory",RepGregSteube,1/1/2019,2019,,
GrG-WI06,"Grothman, Glenn",RepGrothman,1/1/2015,2015,,
BiG-FL12,"Bilirakis, Gus M.",RepGusBilirakis,3/1/2009,2009,,
GuB-KY02,"Guthrie, Brett",RepGuthrie,1/1/2013,2013,,
GuL-IL04,"Gutierrez, Luis V.",RepGutierrez,5/1/2009,2009,,
MoG-WI04,"Moore, Gwen",RepGwenMoore,1/1/2009,2009,,
HaJ-MN01,"Hagedorn, Jim",RepHagedorn,1/1/2019,2019,,
HaH-WY00,"Hageman, Harriet M.",RepHageman,10/1/2022,2022,,
StH-MI11,"Stevens, Haley M.",RepHaleyStevens,12/1/2018,2018,,
RoH-KY05,"Rogers, Harold",RepHalRogers,4/1/2012,2012,,
HaC-HI01,"Hanabusa, Colleen",RepHanabusa,1/1/2011,2011,,
JoH-GA04,"Johnson, Henry C. ""Hank,"" Jr.",RepHankJohnson,3/1/2009,2009,,
RoH-CA48,"Rouda, Harley",RepHarley,12/1/2018,2018,,
HaD-TN01,"Harshbarger, Diana",RepHarshbarger,1/1/2021,2021,,
HaV-MO04,"Hartzler, Vicky",RepHartzler,1/1/2011,2011,,
HeJ-TX05,"Hensarling, Jeb",RepHensarling,1/1/2009,2009,,
HoG-NC02,"Holding, George",RepHolding,1/1/2013,2013,,
HoS-NV04,"Horsford, Steven",RepHorsford,10/1/2011,2011,,
HoE-IN09,"Houchin, Erin",RepHouchin,12/1/2022,2022,,
HoC-PA06,"Houlahan, Chrissy",RepHoulahan,10/1/2018,2018,,
HuJ-CA02,"Huffman, Jared",RepHuffman,1/1/2013,2013,,
HuB-MI04,"Huizenga, Bill",RepHuizenga,1/1/2011,2011,,
BeJ-MI01,"Bergman, Jack",RepJackBergman,12/1/2016,2016,,
HaJ-CT05,"Hayes, Jahana",RepJahanaHayes,1/1/2019,2019,,
CoJ-KY01,"Comer, James",RepJamesComer,6/1/2020,2020,,
PoJ-CO02,"Polis, Jared",RepJaredPolis,1/1/2012,2012,,
CrJ-TX30,"Crockett, Jasmine",RepJasmine,1/1/2023,2023,,
CrJ-CO06,"Crow, Jason",RepJasonCrow,1/1/2019,2019,,
SmJ-MO08,"Smith, Jason",RepJasonSmith,7/1/2013,2013,,
JaP-WA07,"Jayapal, Pramila",RepJayapal,1/1/2017,2017,,
DuJ-SC03,"Duncan, Jeff",RepJeffDuncan,1/1/2011,2011,,
JaJ-NC14,"Jackson, Jeff",RepJeffJackson,1/1/2023,2023,,
GoJ-PR00,"Gonzalez-Colon, Jenniffer",RepJenniffer,1/1/2017,2017,,
CaJ-AL01,"Carl, Jerry L.",RepJerryCarl,12/1/2020,2020,,
LeJ-CA41,"Lewis, Jerry",RepJerryLewis,9/1/2009,2009,,
NaJ-NY12,"Nadler, Jerrold",RepJerryNadler,5/1/2009,2009,,
ToJ-HI02,"Tokuda, Jill N.",RepJillTokuda,1/1/2023,2023,,
BaJ-IN04,"Baird, James R.",RepJimBaird,1/1/2019,2019,,
BaJ-IN03,"Banks, Jim",RepJimBanks,1/1/2017,2017,,
CoJ-CA21,"Costa, Jim",RepJimCosta,1/1/2011,2011,,
MaJ-UT04,"Matheson, Jim",RepJimMatheson,6/1/2009,2009,,
McJ-WA07,"McDermott, Jim",RepJimMcDermott,4/1/2010,2010,,
GoJ-CA34,"Gomez, Jimmy",RepJimmyGomez,3/1/2014,2014,,
PaJ-CA19,"Panetta, Jimmy",RepJimmyPanetta,11/1/2016,2016,,
BaJ-TX06,"Barton, Joe",RepJoeBarton,2/1/2009,2009,,
CoJ-CT02,"Courtney, Joe",RepJoeCourtney,10/1/2009,2009,,
NeJ-CO02,"Neguse, Joe",RepJoeNeguse,12/1/2018,2018,,
WiJ-SC02,"Wilson, Joe",RepJoeWilson,2/1/2011,2011,,
CoJ-MI13,"Conyers, John, Jr.",RepJohnConyers,4/1/2010,2010,,
CuJ-UT03,"Curtis, John R.",RepJohnCurtis,11/1/2017,2017,,
DuJ-TN02,"Duncan, John J., Jr.",RepJohnDuncanJr,9/1/2013,2013,,
JoJ-PA13,"Joyce, John",RepJohnJoyce,1/1/2019,2019,,
KlJ-MN02,"Kline, John",repjohnkline,9/1/2009,2009,,
LaJ-CT01,"Larson, John B.",RepJohnLarson,6/1/2009,2009,,
LeJ-GA05,"Lewis, John",repjohnlewis,4/1/2009,2009,,
RoJ-TN06,"Rose, John W.",RepJohnRose,1/1/2019,2019,,
GoJ-NJ05,"Gottheimer, Josh",RepJoshG,12/1/2016,2016,,
HaJ-CA09,"Harder, Josh",RepJoshHarder,1/1/2019,2019,,
VaJ-CA52,"Vargas, Juan",RepJuanVargas,3/1/2013,2013,,
ChJ-CA28,"Chu, Judy",RepJudyChu,9/1/2010,2010,,
LeJ-LA05,"Letlow, Julia",repjulialetlow,4/1/2021,2021,,
KaK-HI02,"Kahele, Kaiali'i",RepKahele,1/1/2021,2021,,
KaS-CA37,"Kamlager-Dove, Sydney",RepKamlagerDove,1/1/2023,2023,,
BaK-CA37,"Bass, Karen",RepKarenBass,1/1/2011,2011,,
CaK-FL03,"Cammack, Kat",RepKatCammack,1/1/2020,2020,,
PoK-CA47,"Porter, Katie",RepKatiePorter,1/1/2019,2019,,
GrK-TX12,"Granger, Kay",RepKayGranger,7/1/2010,2010,,
ClK-MA05,"Clark, Katherine M.",RepKClark,1/1/2014,2014,,
SeK-TX03,"Self, Keith",RepKeithSelf,1/1/2023,2023,,
BuK-CO04,"Buck, Ken",RepKenBuck,11/1/2014,2014,,
MaK-TX24,"Marchant, Kenny",RepKenMarchant,3/1/2009,2009,,
HeK-OK01,"Hern, Kevin",repkevinhern,11/1/2018,2018,,
KiK-CA03,"Kiley, Kevin",RepKiley,1/1/2023,2023,,
ScK-WA08,"Schrier, Kim",RepKimSchrier,1/1/2019,2019,,
KiA-IL16,"Kinzinger, Adam",RepKinzinger,11/1/2010,2010,,
MfK-MD07,"Mfume, Kweisi",RepKweisiMfume,6/1/2020,2020,,
LaD-IL16,"LaHood, Darin",RepLaHood,9/1/2015,2015,,
LaN-NY01,"LaLota, Nick",RepLaLota,11/1/2022,2022,,
LaD-CA01,"LaMalfa, Doug",RepLaMalfa,1/1/2013,2013,,
BuL-IN08,"Bucshon, Larry",RepLarryBucshon,1/1/2011,2011,,
LaJ-KS02,"LaTurner, Jake",RepLaTurner,1/1/2021,2021,,
LeL-FL15,"Lee, Laurel M.",RepLaurelLee,12/1/2022,2022,,
BlL-DE00,"Blunt Rochester, Lisa",RepLBR,1/1/2017,2017,,
ChL-OR05,"Chavez-DeRemer, Lori",RepLCD,10/1/2022,2022,,
SaL-CA38,"Sanchez, Linda T.",replindasanchez,6/1/2011,2011,,
LiD-IL03,"Lipinski, Daniel",RepLipinski,12/1/2012,2012,,
McL-MI09,"McClain, Lisa C.",RepLisaMcClain,12/1/2020,2020,,
DoL-TX37,"Doggett, Lloyd",RepLloydDoggett,6/1/2010,2010,,
FrL-FL22,"Frankel, Lois",RepLoisFrankel,1/1/2013,2013,,
TrL-MA03,"Trahan, Lori",RepLoriTrahan,12/1/2018,2018,,
CoJ-CA46,"Correa, J. Luis",RepLouCorrea,1/1/2017,2017,,
LoB-GA11,"Loudermilk, Barry",RepLoudermilk,12/1/2014,2014,,
LoA-CA47,"Lowenthal, Alan S.",RepLowenthal,1/1/2013,2013,,
McL-GA07,"McBath, Lucy",RepLucyMcBath,,1900,,
LuA-FL13,"Luna, Anna Paulina",RepLuna,,1900,,
LuM-TX08,"Luttrell, Morgan",RepLuttrell_TX8,,1900,,
MaN-NY11,"Malliotakis, Nicole",RepMalliotakis,,1900,,
MaT-KS01,"Mann, Tracey",RepMann,,1900,,
KaM-OH09,"Kaptur, Marcy",RepMarcyKaptur,,1900,,
SaM-FL27,"Salazar, Maria Elvira",RepMariaSalazar,11/1/2020,2020,,
NeM-IL03,"Newman, Marie",RepMarieNewman,12/1/2020,2020,,
AlM-MO04,"Alford, Mark",RepMarkAlford,,1900,,
GrM-WI08,"Green, Mark",RepMarkGreen,,1900,,
GrM-TN07,"Green, Mark E.",RepMarkGreen,1/1/2019,2019,,
PoM-WI02,"Pocan, Mark",repmarkpocan,,1900,,
TaM-HI01,"Takai, Mark",RepMarkTakai,1/1/2015,2015,,
TaM-CA39,"Takano, Mark",RepMarkTakano,,1900,,
WaM-NC06,"Walker, Mark",RepMarkWalker,1/1/2015,2015,,
MiM-IL15,"Miller, Mary E.",RepMaryMiller,,1900,,
GaM-FL01,"Gaetz, Matt",RepMattGaetz,,1900,,
WaM-CA43,"Waters, Maxine",RepMaxineWaters,,1900,,
FrM-FL10,"Frost, Maxwell",RepMaxwellFrost,,1900,,
McM-TX10,"McCaul, Michael T.",RepMcCaul,,1900,,
McT-CA05,"McClintock, Tom",RepMcClintock,,1900,,
McR-GA06,"McCormick, Richard",RepMcCormick,,1900,,
McA-VA04,"McEachin, A. Donald",RepMcEachin,1/1/2017,2017,,
McM-KY03,"McGarvey, Morgan",RepMcGarvey,,1900,,
McJ-MA02,"McGovern, James P.",RepMcGovern,1/1/2011,2011,,
McD-WV01,"McKinley, David B.",RepMcKinley,1/1/2011,2011,,
MeP-MI03,"Meijer, Peter",RepMeijer,12/1/2020,2020,,
MeR-NJ08,"Menendez, Robert",RepMenendez,,1900,,
MeR-NJ13,"Menendez, Robert",RepMenendez,,1900,,
MeD-PA09,"Meuser, Daniel",RepMeuser,,1900,,
PeM-WA03,"Perez, Marie Gluesenkamp",RepMGP,10/1/2022,2022,,
GrH-VA09,"Griffith, H. Morgan",RepMGriffith,1/1/2011,2011,,
GuM-MS03,"Guest, Michael",RepMichaelGuest,,1900,,
CaM-OH15,"Carey, Mike",RepMikeCarey,,1900,,
CoM-GA10,"Collins, Mike",RepMikeCollins,,1900,,
GaM-CA27,"Garcia, Mike",RepMikeGarcia,,1900,,
JoM-LA04,"Johnson, Mike",RepMikeJohnson,,1900,,
LaM-NY17,"Lawler, Michael",RepMikeLawler,,1900,,
LeM-CA49,"Levin, Mike",RepMikeLevin,,1900,,
QuM-IL05,"Quigley, Mike",RepMikeQuigley,,1900,,
RoM-MI08,"Rogers, Mike J.",RepMikeRogers,6/1/2010,2010,,
RoM-AL03,"Rogers, Mike D.",repmikerogersal,4/1/2009,2009,,
MiC-FL07,"Mills, Cory",RepMillsPress,,1900,,
MiM-IA01,"Miller-Meeks, Mariannette",RepMMM,,1900,,
MoM-NY19,"Molinaro, Marcus J.",RepMolinaroNY19,,1900,,
DeM-TX15,"De La Cruz, Monica",RepMonicaDLC,,1900,,
MoJ-MI02,"Moolenaar, John R.",RepMoolenaar,7/1/2014,2014,,
MoJ-FL23,"Moskowitz, Jared",RepMoskowitz,,1900,,
MrF-IN01,"Mrvan, Frank J.",RepMrvan,1/1/2021,2021,,
GrM-GA14,"Greene, Marjorie Taylor",RepMTG,12/1/2020,2020,,
MuK-CA15,"Mullin, Kevin",RepMullin,,1900,,
MaN-SC01,"Mace, Nancy",RepNancyMace,,1900,,
MoN-TX01,"Moran, Nathaniel",RepNateMoran,,1900,,
NeD-WA04,"Newhouse, Dan",RepNewhouse,,1900,,
RaN-WV03,"Rahall, Nick J., II",RepNickRahall,2/1/2014,2014,,
WiN-GA05,"Williams, Nikema",RepNikema,,1900,,
BuN-IL13,"Budzinski, Nikki",RepNikkiB,,1900,,
OgA-TN05,"Ogles, Andrew",RepOgles,,1900,,
FaP-TX04,"Fallon, Pat",RepPatFallon,,1900,,
RyP-NY18,"Ryan, Patrick",RepPatRyanNY,,1900,,
ToP-NY20,"Tonko, Paul",RepPaulTonko,,1900,,
PeE-CO07,"Perlmutter, Ed",RepPerlmutter,2/1/2009,2009,,
AgP-CA33,"Aguilar, Pete",RepPeteAguilar,,1900,,
OlP-TX22,"Olson, Pete",RepPeteOlson,2/1/2009,2009,,
StP-MN08,"Stauber, Pete",RepPeteStauber,,1900,,
PeB-CO07,"Pettersen, Brittany",RepPettersen,,1900,,
PfA-TX11,"Pfluger, August",RepPfluger,,1900,,
PiR-NC09,"Pittenger, Robert",RepPittenger,11/1/2012,2012,,
PrA-MA07,"Pressley, Ayanna",RepPressley,,1900,,
NoR-SC05,"Norman, Ralph",RepRalphNorman,,1900,,
TlR-MI12,"Tlaib, Rashida",RepRashida,,1900,,
RaJ-MD08,"Raskin, Jamie",RepRaskin,,1900,,
GrR-AZ07,"Grijalva, Ra√∫l M.",RepRaulGrijalva,4/1/2009,2009,,
RuR-CA25,"Ruiz, Raul",RepRaulRuizMD,,1900,,
ElR-NC02,"Ellmers, Renee L.",RepReneeEllmers,11/1/2010,2010,,
RiR-WI08,"Ribble, Reid J.",RepRibble,1/1/2011,2011,,
NeR-MA01,"Neal, Richard E.",RepRichardNeal,12/1/2011,2011,,
HuR-NC09,"Hudson, Richard",RepRichHudson,,1900,,
RiC-LA02,"Richmond, Cedric L.",RepRichmond,3/1/2011,2011,,
NuR-FL11,"Nugent, Richard B.",RepRichNugent,1/1/2011,2011,,
AlR-GA12,"Allen, Rick W.",RepRickAllen,1/1/2015,2015,,
CrE-AR01,"Crawford, Eric A. ""Rick""",reprickcrawford,1/1/2011,2011,,
LaR-WA02,"Larsen, Rick",RepRickLarsen,,1900,,
RiD-VA05,"Riggleman, Denver",RepRiggleman,1/1/2019,2019,,
ToR-NY15,"Torres, Ritchie",RepRitchie,,1900,,
RiD-FL25,"Rivera, David",RepRivera,1/1/2011,2011,,
GaR-CA42,"Garcia, Robert",RepRobertGarcia,,1900,,
HuR-VA05,"Hurt, Robert",RepRobertHurt,1/1/2011,2011,,
KeR-IL02,"Kelly, Robin L.",RepRobinKelly,4/1/2013,2013,,
WoR-GA07,"Woodall, Rob",RepRobWoodall,3/1/2014,2014,,
BlR-IA01,"Blum, Rod",RepRodBlum,1/1/2015,2015,,
KhR-CA17,"Khanna, Ro",RepRoKhanna,,1900,,
EsR-KS04,"Estes, Ron",RepRonEstes,,1900,,
KiR-WI03,"Kind, Ron",RepRonKind,2/1/2010,2010,,
KlR-FL22,"Klein, Ron",RepRonKlein,6/1/2010,2010,,
JaR-TX13,"Jackson, Ronny",RepRonnyJackson,,1900,,
WrR-TX06,"Wright, Ron",RepRonWright,1/1/2019,2019,,
RoF-FL19,"Rooney, Francis",RepRooney,1/1/2017,2017,,
RoM-MT02,"Rosendale Sr., Matthew M.",RepRosendale,12/1/2020,2020,,
SpR-FL15,"Spano, Ross",RepRossSpano,1/1/2019,2019,,
RoL-CA40,"Roybal-Allard, Lucille",RepRoybalAllard,1/1/2012,2012,,
GaR-AZ03,"Gallego, Ruben",RepRubenGallego,,1900,,
YaR-IN02,"Yakym, Rudy",RepRudyYakym,,1900,,
FrR-SC07,"Fry, Russell",RepRussellFry,,1900,,
FuR-ID01,"Fulcher, Russ",RepRussFulcher,,1900,,
RuJ-FL05,"Rutherford, John H.",RepRutherfordFL,2/1/2017,2017,,
WiR-TX25,"Williams, Roger",RepRWilliams,,1900,,
ZiR-MT01,"Zinke, Ryan K.",RepRyanZinke,12/1/2014,2014,,
SaA-OR06,"Salinas, Andrea",RepSalinas,,1900,,
GrS-MO06,"Graves, Sam",RepSamGraves,,1900,,
AdS-FL24,"Adams, Sandy",RepSandyAdams,11/1/2010,2010,,
LeS-MI09,"Levin, Sander M.",repsandylevin,3/1/2009,2009,,
SaG-NY03,"Santos, George",RepSantosNY03,,1900,,
JaS-CA51,"Jacobs, Sara",RepSaraJacobs,,1900,,
SaJ-MD03,"Sarbanes, John P.",RepSarbanes,8/1/2011,2011,,
ScJ-IL09,"Schakowsky, Janice D.",RepSchakowsky,,1900,,
ScB-IL10,"Schneider, Bradley Scott",RepSchneider,1/1/2013,2013,,
ScH-MI03,"Scholten, Hillary J.",RepScholten,1/1/2023,2023,,
PeS-PA10,"Perry, Scott",RepScottPerry,,1900,,
PeS-CA50,"Peters, Scott H.",RepScottPeters,1/1/2013,2013,,
RiE-VA02,"Rigell, E. Scott",RepScottRigell,12/1/2010,2010,,
ShC-NH01,"Shea-Porter, Carol",RepSheaPorter,3/1/2010,2010,,
ShM-NJ11,"Sherrill, Mikie",RepSherrill,,1900,,
ShJ-IL15,"Shimkus, John",RepShimkus,7/1/2008,2008,,
ThS-MI13,"Thanedar, Shri",RepShriThanedar,,1900,,
SlE-MI07,"Slotkin, Elissa",RepSlotkin,,1900,,
SmL-PA11,"Smucker, Lloyd",RepSmucker,,1900,,
SpA-VA07,"Spanberger, Abigail Davis",RepSpanberger,12/1/2018,2018,,
SpV-IN05,"Spartz, Victoria",RepSpartz,,1900,,
StM-CA45,"Steel, Michelle",RepSteel,,1900,,
LyS-MA08,"Lynch, Stephen F.",RepStephenLynch,6/1/2011,2011,,
MuS-FL07,"Murphy, Stephanie N.",RepStephMurphy,11/1/2016,2016,,
StM-WA10,"Strickland, Marilyn",RepStricklandWA,,1900,,
StM-IN03,"Stutzman, Marlin A.",RepStutzman,11/1/2010,2010,,
LeS-PA12,"Lee, Summer L.",RepSummerLee,5/1/2018,2018,,
WiS-PA07,"Wild, Susan",RepSusanWild,,1900,,
LeS-NV03,"Lee, Susie",RepSusieLee,,1900,,
SwE-CA14,"Swalwell, Eric",RepSwalwell,,1900,,
GaS-TX29,"Garcia, Sylvia R.",RepSylviaGarcia,1/1/2019,2019,,
DeT-FL22,"Deutch, Theodore E.",RepTedDeutch,4/10/2010,2010,,
LiT-CA36,"Lieu, Ted",RepTedLieu,,1900,,
YoT-FL03,"Yoho, Ted S.",RepTedYoho,1/1/2013,2013,,
TeC-NY24,"Tenney, Claudia",RepTenney,,1900,,
LeT-NM03,"Leger Fernandez, Teresa",RepTeresaLF,,1900,,
SeT-AL07,"Sewell, Terri A.",RepTerriSewell,9/1/2011,2011,,
MaT-KY04,"Massie, Thomas",RepThomasMassie,,1900,,
ThM-CA04,"Thompson, Mike",RepThompson,,1900,,
TiJ-MA06,"Tierney, John F.",RepTierney,10/1/2011,2011,,
TiT-WI07,"Tiffany, Thomas P.",RepTiffany,,1900,,
BuT-TN02,"Burchett, Tim",RepTimBurchett,,1900,,
JoT-IL15,"Johnson, Timothy V.",RepTimJohnson,2/1/2011,2011,,
TiW-SC04,"Timmons, William R. IV",RepTimmons,12/1/2018,2018,,
WaT-MN01,"Walz, Timothy J.",RepTimWalz,3/1/2013,2013,,
TiS-CO03,"Tipton, Scott R.",RepTipton,1/1/2011,2011,,
AkW-MO02,"Akin, W. Todd",REPTODDAKlN,8/1/2012,2012,,
EmT-MN06,"Emmer, Tom",RepTomEmmer,,1900,,
GaT-VA05,"Garrett, Thomas A., Jr.",RepTomGarrett,1/1/2017,2017,,
GrT-GA14,"Graves, Tom",RepTomGraves,9/1/2010,2010,,
PrT-GA06,"Price, Tom",RepTomPrice,6/1/2007,2007,,
GoT-TX23,"Gonzales, Tony",RepTonyGonzales,,1900,,
KeT-MS01,"Kelly, Trent",RepTrentKelly,,1900,,
HoT-IN09,"Hollingsworth, Trey",RepTrey,12/1/2016,2016,,
CaT-LA02,"Carter, Troy",RepTroyCarter,,1900,,
NeT-TX22,"Nehls, Troy E.",RepTroyNehls,1/1/2021,2021,,
UnL-IL14,"Underwood, Lauren",RepUnderwood,,1900,,
DeV-FL10,"Demings, Val Butler",RepValDemings,11/1/2016,2016,,
VaD-WI03,"Van Orden, Derrick",RepVanOrden,,1900,,
TaV-TX03,"Taylor, Van",RepVanTaylor,12/1/2018,2018,,
VeM-TX33,"Veasey, Marc A.",RepVeasey,1/1/2013,2013,,
ViP-IN01,"Visclosky, Peter J.",RepVisclosky,9/1/2010,2010,,
WaT-MI05,"Walberg, Tim",RepWalberg,,1900,,
WaJ-IN02,"Walorski, Jackie",RepWalorski,1/1/2013,2013,,
JoW-NC03,"Jones, Walter B., Jr.",RepWalterJones,3/1/2009,2009,,
WaM-FL06,"Waltz, Michael",RepWaltzPress,,1900,,
WeD-FL11,"Webster, Daniel",RepWebster,,1900,,
HuW-TX38,"Hunt, Wesley",RepWesleyHunt,,1900,,
WeB-AR04,"Westerman, Bruce",RepWesterman,,1900,,
WeJ-VA10,"Wexton, Jennifer",RepWexton,,1900,,
NiW-NC13,"Nickel, Wiley",RepWileyNickel,,1900,,
WiB-NY22,"Williams, Brandon",RepWilliams,,1900,,
WiF-FL24,"Wilson, Frederica S.",RepWilson,1/1/2011,2011,,
KiY-CA40,"Kim, Young",RepYoungKim,,1900,,
LoZ-CA18,"Lofgren, Zoe",RepZoeLofgren,,1900,,
BoR-VA09,"Boucher, Rick",rickboucherdc,6/1/2018,2018,,
BiR-UT01,"Bishop, Rob",RobBishopUT,3/1/2016,2016,,
AdR-AL04,"Aderholt, Robert B.",Robert_Aderholt,9/1/2009,2009,,
SiR-CT02,"Simmons, Rob",RobSimmons,3/1/2009,2009,,
WiR-VA01,"Wittman, Robert J.",RobWittman,7/1/2008,2008,,
DaR-IL13,"Davis, Rodney",RodneyDavis,,1900,,
MaR-KS01,"Marshall, Roger",RogerMarshallMD,3/1/2013,2013,,
DeR-FL06,"DeSantis, Ron",RonDeSantisFL,2/1/2012,2012,,
PaR-TX14,"Paul, Ron",RonPaul,4/1/2011,2011,,
DeR-CT03,"DeLauro, Rosa L.",rosadelauro,5/1/2010,2010,,
BaR-MD06,"Bartlett, Roscoe G.",Roscoe_Bartlett,12/1/2011,2011,,
RoI-FL27,"Ros-Lehtinen, Ileana",RosLehtinen,4/1/2008,2008,,
BlR-MO07,"Blunt, Roy",RoyBlunt,2/1/2009,2009,,
JoS-TX03,"Johnson, Sam",SamsPressShop,2/1/2011,2011,,
BiS-GA02,"Bishop, Sanford D., Jr.",SanfordBishop,2/1/2011,2011,,
TaS-VA02,"Taylor, Scott",Scotttaylorva,5/1/2009,2009,,
DuS-WI07,"Duffy, Sean P.",SeanDuffyWI,1/1/2011,2011,,
BaT-WI02,"Baldwin, Tammy",SenatorBaldwin,1/1/2013,2013,,
CaB-MD03,"Cardin, Benjamin L.",SenatorCardin,1/1/2010,2010,,
KiM-IL10,"Kirk, Mark Steven",SenatorKirk,11/1/2010,2010,,
SiK-AZ09,"Sinema, Kyrsten",SenatorSinema,1/1/2013,2013,,
ScT-SC01,"Scott, Tim",SenatorTimScott,11/1/2010,2010,,
WiR-MS01,"Wicker, Roger F.",SenatorWicker,3/1/2011,2011,,
CaS-WV02,"Capito, Shelley Moore",SenCapito,9/1/2010,2010,,
GaC-CO04,"Gardner, Cory",SenCoryGardner,1/1/2011,2011,,
DoJ-IN02,"Donnelly, Joe",SenDonnelly,11/1/2010,2010,,
DuT-IL08,"Duckworth, Tammy",SenDuckworth,1/1/2013,2013,,
PeG-MI14,"Peters, Gary C.",SenGaryPeters,1/1/2011,2011,,
BrJ-NH01,"Bradley, Jeb",SenJeb,3/1/2010,2010,,
CrK-ND00,"Cramer, Kevin",SenKevinCramer,12/1/2012,2012,,
LuC-WY00,"Lummis, Cynthia M.",SenLummis,3/1/2009,2009,,
MaE-MA07,"Markey, Edward J.",SenMarkey,2/1/2009,2009,,
SaB-VT00,"Sanders, Bernard",SenSanders,4/1/2009,2009,,
BuT-NC13,"Budd, Ted",SenTedBuddNC,1/1/2017,2017,,
YoT-IN09,"Young, Todd",SenToddYoung,1/1/2011,2011,,
CoT-AR04,"Cotton, Tom",SenTomCotton,11/1/2012,2012,,
SeS-TX22,"Sekula Gibbs, Shelley",ShelleySekula,8/1/2014,2014,,
ReS-TX16,"Reyes, Silvestre",SilvestreReyes,2/1/2010,2010,,
SoM-IN09,"Sodrel, Michael E.",SodrelMike,2/1/2022,2022,,
McK-CA20,"McCarthy, Kevin",SpeakerMcCarthy,,1900,,
PeN-CA11,"Pelosi, Nancy",SpeakerPelosi,,1900,,
RyP-WI01,"Ryan, Paul D.",SpeakerRyan,1/1/2009,2009,,
PlS-VI00,"Plaskett, Stacey E.",StaceyPlaskett,8/1/2014,2014,,
HeS-SD00,"Herseth Sandlin, Stephanie",StephanieforSD,5/1/2010,2010,,
KaS-WI08,"Kagen, Steve",stevekagen,2/1/2010,2010,,
KiS-IA04,"King, Steve",SteveKingIA,6/1/2009,2009,,
ScS-LA01,"Scalise, Steve",SteveScalise,,1900,,
StS-TX36,"Stockman, Steve",SteveWorks4You,1/1/2013,2013,,
BrS-IN05,"Brooks, Susan W.",SusanWBrooks,1/1/2013,2013,,
KoS-FL24,"Kosmas, Suzanne M.",SuzanneKosmas,1/1/2017,2017,,
MoS-MA06,"Moulton, Seth",teammoulton,,1900,,
ReD-WA08,"Reichert, David G.",TeamReichert,3/1/2010,2010,,
GoT-SC04,"Gowdy, Trey",TGowdySC,1/1/2011,2011,,
HoT-PA17,"Holden, Tim",TimHoldenPA17,4/1/2010,2010,,
MaT-FL16,"Mahoney, Tim",TimMahoney67A,3/1/2013,2013,,
RoT-IN04,"Rokita, Todd",ToddRokita,11/1/2008,2008,,
CoT-OK04,"Cole, Tom",TomColeOK04,,1900,,
DeT-TX22,"DeLay, Tom",tomdelay,5/1/2007,2007,,
LaT-IA03,"Latham, Tom",TomLatham,11/1/2007,2007,,
PeT-VA05,"Perriello, Thomas S.P.",tomperriello,4/1/2008,2008,,
RoT-FL17,"Rooney, Thomas J.",TomRooney,3/1/2009,2009,,
ChT-MS01,"Childers, Travis",travchilders,3/1/2015,2015,,
RaT-FL19,"Radel, Trey",treyradel,11/1/2008,2008,,
TaT-CO06,"Tancredo, Thomas G.",ttancredo,8/1/2009,2009,,
GaT-HI02,"Gabbard, Tulsi",TulsiPress,1/1/2013,2013,,
GoC-TX20,"Gonzalez, Charles A.",TX20CharlieG,1/1/2011,2011,,
WeR-TX14,"Weber, Randy K., Sr.",TXRandy14,1/1/2013,2013,,
JoD-FL13,"Jolly, David W.",USRepDavidJolly,5/1/2014,2014,,
PaG-AL06,"Palmer, Gary J.",USRepGaryPalmer,11/1/2014,2014,,
CaK-FL14,"Castor, Kathy",USRepKCastor,,1900,,
KeW-MA09,"Keating, William R.",USRepKeating,1/1/2011,2011,,
DoM-PA18,"Doyle, Michael F.",USRepMikeDoyle,5/1/2009,2009,,
FlM-NE01,"Flood, Mike",USRepMikeFlood,,1900,,
HiR-TX15,"Hinojosa, Ruben",USRepRHinojosa,1/1/2011,2011,,
NoR-MN08,"Nolan, Richard M.",USRepRickNolan,1/1/2013,2013,,
FoV-NC04,"Foushee, Valerie P.",ValerieFoushee,1/1/2023,2023,,
McV-LA05,"McAllister, Vance M.",VanceMcAllister,9/1/2013,2013,,
BuV-FL16,"Buchanan, Vern",VernBuchanan,,1900,,
GoV-VA05,"Goode, Virgil H., Jr.",VirgilGoode,6/1/2012,2012,,
FoV-NC05,"Foxx, Virginia",virginiafoxx,,1900,,
JoB-MI13,"Jones, Brenda",VoteBrendaJones,6/1/2018,2018,,
BrC-FL05,"Brown, Corrine",votecorrine,6/1/2022,2022,,
WaJ-IL08,"Walsh, Joe",WalshFreedom,1/1/2011,2011,,
DaW-OH08,"Davidson, Warren",WarrenDavidson,,1900,,
WeL-GA03,"Westmoreland, Lynn A.",Westmoreland_GA,4/1/2010,2010,,
HuW-TX23,"Hurd, Will",WillHurd,1/1/2015,2015,,
YoD-IA03,"Young, David",YoungForIowa,5/1/2013,2013,,
NuZ-IA03,"Nunn, Zachary",ZachNunn,,1900,,
